,Client Type,Future Index Long,Future Index Short,Future Stock Long,Future Stock Short	,Option Index Call Long,Option Index Put Long,Option Index Call Short,Option Index Put Short,Option Stock Call Long,Option Stock Put Long,Option Stock Call Short,Option Stock Put Short,Date
0,Client,118750,114986,705152,148585,652377,1076475,661655,1053837,340559,120311,213944,166496,2021-02-01
1,DII,6801,36877,16409,809060,267,12483,0,0,0,0,631,0,2021-02-01
2,FII,85068,28901,671069,506054,228861,308362,201004,213283,21983,20593,36853,23322,2021-02-01
3,Pro,13341,43196,144341,73272,266958,310932,285804,441132,68316,110074,179430,61160,2021-02-01
4,Client,108357,107614,709181,146566,816911,1208680,772197,1184366,377994,145185,238334,189250,2021-02-02
5,DII,6986,42748,17243,800816,267,9853,0,0,0,65,1159,0,2021-02-02
6,FII,79104,31746,666007,515193,247951,347654,205491,234355,22478,24787,40448,25748,2021-02-02
7,Pro,19527,31866,153395,83251,283858,366341,371299,513807,87928,122830,208459,77869,2021-02-02
8,Client,120648,116971,720891,161394,872952,1395878,845808,1308874,413562,167113,263916,205942,2021-02-03
9,DII,7025,42429,20786,799255,267,9853,0,0,0,65,1928,0,2021-02-03
10,FII,80958,33784,662651,521137,235318,333980,188350,243687,24738,27156,44632,28571,2021-02-03
11,Pro,19767,35214,162610,85152,306344,378345,380723,565495,101182,130716,229006,90537,2021-02-03
12,Client,128925,122745,741456,194818,447516,680863,457343,735419,456548,186334,293022,224735,2021-02-04
13,DII,6016,42421,21708,797270,267,9853,0,0,0,155,3178,0,2021-02-04
14,FII,78402,45464,669932,520634,157686,258942,107237,159874,27311,28765,47372,30461,2021-02-04
15,Pro,25073,27786,170286,90660,152598,200921,193487,255286,112345,142404,252632,102462,2021-02-04
16,Client,139545,125162,742216,205134,676170,867045,677679,935347,496703,199907,312279,245879,2021-02-05
17,DII,1601,42421,23347,794580,267,9853,0,0,0,216,3649,0,2021-02-05
18,FII,74996,46802,671723,523369,202599,299876,131232,196083,30668,32053,52056,31878,2021-02-05
19,Pro,24635,26392,181217,95420,236266,298637,306391,343981,118557,156415,277944,110834,2021-02-05
20,Client,133776,126345,741289,206867,788697,1047328,768681,1092928,526373,215138,338980,254404,2021-02-08
21,DII,1277,41228,24207,801552,267,8653,0,0,0,216,4510,0,2021-02-08
22,FII,75167,41959,678344,520269,204156,322860,152768,228746,35333,35277,56284,34472,2021-02-08
23,Pro,24327,25015,184442,99594,302626,327035,374297,384202,127885,157657,289817,119412,2021-02-08
24,Client,131584,128190,742302,207144,895762,1106684,859157,1149296,547681,223023,356660,262530,2021-02-09
25,DII,881,41228,23895,803008,267,8653,0,0,0,216,4832,0,2021-02-09
26,FII,76392,39707,679701,519076,224727,328958,170864,242248,38267,36900,60686,35987,2021-02-09
27,Pro,25769,25501,186301,102971,308993,333933,399728,386684,133327,162615,297097,124237,2021-02-09
28,Client,128826,126103,744375,203189,1058146,1160829,991231,1193994,576729,228345,375524,270408,2021-02-10
29,DII,868,41812,22704,803690,267,8653,0,0,0,216,4832,0,2021-02-10
30,FII,76454,39075,679198,523492,248732,346224,182868,249764,38847,38372,64096,37267,2021-02-10
31,Pro,25539,24697,187248,103154,315380,315388,448426,387336,132010,166673,303134,125931,2021-02-10
32,Client,131402,128577,751539,211139,499202,687045,520622,755610,598735,240180,389853,276989,2021-02-11
33,DII,837,42040,21574,800360,267,8653,0,0,0,216,6242,0,2021-02-11
34,FII,78683,40805,685625,529371,186608,287666,122513,192822,41623,40308,67895,39771,2021-02-11
35,Pro,26496,25996,187948,105816,171288,202625,214230,237557,133517,167915,309885,131859,2021-02-11
36,Client,138110,130761,749361,215003,685134,867840,690626,945028,639451,243313,407523,285067,2021-02-12
37,DII,823,41735,22313,801610,267,8653,0,0,0,216,6791,0,2021-02-12
38,FII,78688,48156,686329,531784,204442,305364,160363,216548,43176,41058,71743,40131,2021-02-12
39,Pro,29161,26130,192527,102133,251219,270873,290073,291154,135478,177959,332048,137348,2021-02-12
40,Client,144777,135484,753301,215779,653336,1131748,687350,1149029,631674,252987,411779,288125,2021-02-15
41,DII,1223,41735,21848,802974,267,8653,0,0,0,216,7241,0,2021-02-15
42,FII,85467,49484,692847,536580,223471,324917,159325,243777,44851,40527,70898,40180,2021-02-15
43,Pro,27270,32034,191409,104072,272748,341428,303147,413940,141590,176926,328197,142351,2021-02-15
44,Client,135945,127493,755814,203757,925199,1070330,890240,1149399,644024,246496,422822,289578,2021-02-16
45,DII,1215,41687,21883,809643,267,8653,0,0,0,216,7246,0,2021-02-16
46,FII,80442,50451,689246,537081,263802,358818,193421,251183,45602,42305,73078,39593,2021-02-16
47,Pro,29737,27708,190708,107170,318304,325784,423911,363003,138294,177693,324774,137539,2021-02-16
48,Client,139064,129754,762068,205055,1100902,1123376,1012515,1199293,660706,246070,430031,291483,2021-02-17
49,DII,1217,41655,22753,811645,267,9487,0,0,0,216,7251,0,2021-02-17
50,FII,74848,45841,689605,540905,273674,365159,210618,248916,46320,42587,74890,39874,2021-02-17
51,Pro,30047,27926,193676,110497,323938,345837,475648,395650,137491,180185,332345,137701,2021-02-17
52,Client,137904,128906,770709,207986,606189,672976,593924,769517,673014,237780,434072,289935,2021-02-18
53,DII,1609,43338,23204,811990,1467,9487,0,0,0,216,7256,0,2021-02-18
54,FII,78261,50276,685721,548900,181053,292102,114207,188638,48407,43740,77608,39327,2021-02-18
55,Pro,30353,25607,198966,109724,194018,206179,274596,222589,138838,186067,341323,138541,2021-02-18
56,Client,131739,123660,760684,196167,872199,760978,830694,888467,648938,217558,422170,276043,2021-02-19
57,DII,1613,45377,23074,811064,267,10112,0,0,0,216,7256,0,2021-02-19
58,FII,78525,50293,687087,546261,228722,345213,149971,218413,48348,42911,76180,37742,2021-02-19
59,Pro,35779,28326,200898,118251,235206,255022,355729,264445,143112,184338,334792,131238,2021-02-19
60,Client,127052,117813,758833,193556,1125281,793586,1035997,927746,655650,206322,420241,267262,2021-02-22
61,DII,887,46035,21766,814209,267,12914,0,0,0,216,7256,0,2021-02-22
62,FII,84155,46829,696595,556047,259876,382119,168619,229090,43928,44930,72334,38118,2021-02-22
63,Pro,28193,29610,209275,122657,278236,259619,459044,291402,145510,184403,345257,130491,2021-02-22
64,Client,130732,115347,759804,189124,1164903,904192,1092205,1034106,613051,209478,405121,265232,2021-02-23
65,DII,835,46023,22051,820780,267,13015,0,0,0,216,7251,0,2021-02-23
66,FII,84354,48536,701992,558187,292389,403039,186220,244207,43082,45825,63030,39698,2021-02-23
67,Pro,26116,32131,202760,118516,293051,277325,472185,319258,145097,182696,325828,133285,2021-02-23
68,Client,123348,116375,761154,172865,880004,1168557,898974,1196827,526609,195806,361548,251503,2021-02-24
69,DII,851,46145,23471,825438,267,13415,0,0,0,216,7371,0,2021-02-24
70,FII,92727,51994,693003,551753,292526,408243,178728,271985,40218,43891,57681,38462,2021-02-24
71,Pro,32155,34567,193492,121064,279173,285820,374268,407223,151270,181452,291497,131400,2021-02-24
72,Client,84957,103671,727312,122925,509646,523451,495953,632728,272949,81232,167745,136876,2021-02-25
73,DII,851,42437,20413,809360,267,10857,0,0,0,0,685,0,2021-02-25
74,FII,93004,28923,622674,523841,125720,222356,83234,105203,12884,15774,20951,15569,2021-02-25
75,Pro,16930,20711,150224,64497,146804,163806,203250,182539,51832,94409,148284,38970,2021-02-25
76,Client,133765,123838,757077,147676,967922,593856,870424,754000,381611,101583,213954,182654,2021-02-26
77,DII,513,33571,21402,822726,267,12740,0,0,0,0,6132,0,2021-02-26
78,FII,83407,54196,640623,545394,182622,284030,142738,134394,21199,22822,32177,22608,2021-02-26
79,Pro,22921,29001,172661,75967,272381,237683,410030,239915,60056,131035,210603,50178,2021-02-26
80,Client,126331,133088,750893,149883,1022372,790647,964795,919882,413946,117858,248311,196448,2021-03-01
81,DII,584,34291,23298,827409,267,12740,0,0,0,0,7394,0,2021-03-01
82,FII,82434,40107,645420,540143,198308,291494,147444,157139,24749,24771,33407,24273,2021-03-01
83,Pro,27321,29184,176263,78439,310605,292811,419313,310671,70472,136958,220055,58866,2021-03-01
84,Client,144607,131637,756018,173179,1057699,941245,1026153,1043753,427272,129405,267172,207051,2021-03-02
85,DII,582,33410,26637,831138,267,11060,0,0,0,0,8798,0,2021-03-02
86,FII,76501,52118,651631,529038,200012,300643,148787,182004,27384,27376,35265,26314,2021-03-02
87,Pro,26411,30936,181188,82119,348929,336578,431967,363769,79391,141179,222812,64595,2021-03-02
88,Client,149089,140421,755497,175059,958073,1262901,970701,1265255,420405,147068,278240,214113,2021-03-03
89,DII,582,35730,28474,828959,267,11885,0,0,0,0,10197,0,2021-03-03
90,FII,80262,42902,649914,518673,242539,355072,175087,233157,31710,30558,37451,29227,2021-03-03
91,Pro,20524,31404,175905,87099,340319,360474,395410,491920,94192,140117,220419,74403,2021-03-03
92,Client,189833,145896,778272,205626,554472,586554,554673,701249,481444,149968,304042,228133,2021-03-04
93,DII,579,44669,29033,820270,267,11885,0,0,0,0,12099,0,2021-03-04
94,FII,76465,59600,642828,525731,161940,282217,109077,144952,33746,32435,41895,30165,2021-03-04
95,Pro,21854,38566,187559,86065,169956,191706,222885,226161,94461,153515,251615,77620,2021-03-04
96,Client,197608,159787,766447,217158,928189,754703,893141,908575,546261,150127,330611,242099,2021-03-05
97,DII,579,43788,29110,814545,267,11710,0,0,0,0,12619,0,2021-03-05
98,FII,81532,63472,644246,523552,197977,311234,152684,165045,35662,33937,45777,31282,2021-03-05
99,Pro,22805,35477,196702,81250,284833,279363,365441,283390,95433,168898,288349,79581,2021-03-05
100,Client,200411,160226,773989,221816,1190991,915209,1107915,1080765,571357,158835,352372,249922,2021-03-08
101,DII,598,45288,31518,818441,267,13210,0,0,0,0,13271,0,2021-03-08
102,FII,78013,67065,645484,523920,215155,330985,166507,185548,36673,34968,47953,31811,2021-03-08
103,Pro,28212,34655,197379,84193,348136,351329,480127,344420,100079,171119,294513,83189,2021-03-08
104,Client,190919,156939,777248,205209,1136590,1059946,1095979,1164073,587200,163896,365363,256184,2021-03-09
105,DII,613,48187,29574,822299,267,13210,0,0,0,0,12868,0,2021-03-09
106,FII,80477,52939,644524,540073,267985,344518,192936,189728,37529,35599,48883,33111,2021-03-09
107,Pro,22000,35944,202509,86274,325041,338043,440968,401916,104164,177088,301779,87288,2021-03-09
108,Client,189299,158133,781066,197634,571786,624780,605171,751190,600875,173943,375771,259006,2021-03-10
109,DII,635,51037,29233,823484,267,13210,0,0,0,0,12768,0,2021-03-10
110,FII,78999,50842,636446,537606,183937,294820,109073,155441,38967,36354,50463,33944,2021-03-10
111,Pro,21959,30880,200412,88433,177481,222964,219227,249143,106564,173239,307404,90586,2021-03-10
112,Client,201281,173602,783092,194031,1047328,742770,988924,940857,635673,172011,395753,267343,2021-03-12
113,DII,690,49740,30893,819826,267,13210,0,0,0,0,12769,0,2021-03-12
114,FII,74680,52704,623680,541140,251401,356231,193935,184890,37911,37183,51417,33860,2021-03-12
115,Pro,33555,34160,202992,85660,299652,311322,415789,297786,105437,183992,319082,91983,2021-03-12
116,Client,201593,162953,790942,185343,1200314,801430,1110871,994541,653512,171950,405957,264113,2021-03-15
117,DII,690,44793,31178,824147,267,13304,0,0,0,0,12924,0,2021-03-15
118,FII,72307,55522,615636,541213,282308,372624,219963,181260,38431,37973,52556,35765,2021-03-15
119,Pro,26402,37724,199746,86799,310605,318525,462660,330082,102041,183242,322547,93287,2021-03-15
120,Client,197172,168662,790294,181365,1348879,857249,1229774,1042626,660481,179282,413837,263665,2021-03-16
121,DII,696,44829,32332,827539,267,13288,0,0,0,0,13772,0,2021-03-16
122,FII,73696,54693,615262,537071,290862,373778,225424,189986,39754,38196,55596,36680,2021-03-16
123,Pro,28363,31743,194456,86369,348794,313263,533604,324966,102920,179192,319950,96325,2021-03-16
124,Client,196533,170128,783958,165296,1465328,823779,1306745,1029525,674318,169298,415932,261530,2021-03-17
125,DII,696,37529,32138,834256,267,14888,0,0,0,0,12899,0,2021-03-17
126,FII,75277,56673,611496,533810,311342,374198,248097,180485,37221,37249,56790,35979,2021-03-17
127,Pro,23692,31868,192857,87087,353864,322279,575959,325134,99890,182939,325808,91977,2021-03-17
128,Client,194924,175505,765121,151029,720606,559162,691903,742179,654865,156250,399909,252933,2021-03-18
129,DII,696,36498,32466,834713,267,13178,0,0,0,0,13055,0,2021-03-18
130,FII,77376,56039,614844,529211,183269,314216,127261,141300,38729,36594,56979,35165,2021-03-18
131,Pro,28591,33545,190210,87688,198230,212318,283208,215395,100397,182645,324048,87391,2021-03-18
132,Client,192430,171145,750667,154863,792197,791634,822740,926949,603726,172775,379398,246258,2021-03-19
133,DII,674,36660,30459,833615,267,13178,0,0,0,0,13459,0,2021-03-19
134,FII,79209,45492,628942,519651,227126,358253,159829,187643,40401,37552,56100,37090,2021-03-19
135,Pro,24639,43655,184919,86858,290107,248544,327128,297017,107376,168110,302546,95089,2021-03-19
136,Client,203150,170772,752560,156796,1044801,884304,1029217,1026173,607783,177615,378924,246194,2021-03-22
137,DII,674,39214,30414,837745,267,13178,0,0,0,0,13467,0,2021-03-22
138,FII,82180,49345,626522,513813,260861,386292,195226,200402,38060,36695,54793,33073,2021-03-22
139,Pro,25354,52027,189722,90864,323197,275257,404683,332456,112607,165157,311266,100200,2021-03-22
140,Client,199305,162629,749603,147241,961643,1031713,990123,1134253,566488,177630,362454,239448,2021-03-23
141,DII,674,39188,29968,840229,267,13178,0,0,0,0,13464,0,2021-03-23
142,FII,83255,44651,618290,504555,278462,404694,206871,220225,37606,35685,53264,33149,2021-03-23
143,Pro,23188,59954,184230,90066,331373,318241,374751,413348,111748,159468,286660,100186,2021-03-23
144,Client,199231,168438,747561,141223,1301095,917180,1188853,1084340,519829,155103,329301,234155,2021-03-24
145,DII,676,33999,29186,840640,267,10264,0,0,0,0,13457,0,2021-03-24
146,FII,80977,59068,603776,497375,299327,420519,224977,211495,33144,33659,47429,31915,2021-03-24
147,Pro,22904,42283,183716,85001,356434,306450,543293,358578,111829,170504,274615,93196,2021-03-24
148,Client,161408,156419,709781,98599,528460,450890,524076,599861,215924,77818,125886,147952,2021-03-25
149,DII,693,26145,19630,844331,267,7175,0,0,0,0,0,0,2021-03-25
150,FII,66707,40121,587212,454657,137141,243188,91442,110103,10764,15331,16595,13861,2021-03-25
151,Pro,20739,26862,143101,62137,176729,172980,227079,164269,42960,102967,127167,34303,2021-03-25
152,Client,155361,164029,718970,103431,703825,687280,741328,821640,258349,96387,157911,159670,2021-03-26
153,DII,1358,28158,19992,858692,267,7175,0,0,0,11,928,0,2021-03-26
154,FII,78756,32735,594845,459431,178765,269995,125111,150734,18275,20824,25361,22138,2021-03-26
155,Pro,21659,32212,150272,62525,291430,263875,307848,255951,60369,110417,152793,45831,2021-03-26
156,Client,161302,178558,714053,111116,784942,964162,829120,1029659,273640,108798,177250,164419,2021-03-30
157,DII,1398,27913,20996,870644,267,7175,0,0,0,11,2273,0,2021-03-30
158,FII,81529,25261,618491,457393,184368,270355,123556,173869,21168,23960,28312,23153,2021-03-30
159,Pro,20051,32548,152067,66454,347825,347754,364726,385918,70735,107101,157708,52298,2021-03-30
160,Client,198840,195719,830764,202386,1165789,1029444,1107702,1172812,326394,127325,212396,188108,2021-03-31
161,DII,1358,26300,20104,863107,267,7362,0,0,0,11,2297,0,2021-03-31
162,FII,72869,49295,599613,472317,258256,336493,214035,181765,21974,25241,30621,25475,2021-03-31
163,Pro,26669,28422,156774,69445,349986,362662,452561,381384,71660,117096,174714,56090,2021-03-31
164,Client,162551,156787,849644,204325,473188,547437,517438,682978,343238,141126,227513,192948,2021-04-01
165,DII,1358,26330,20195,868475,267,7362,0,0,0,11,13418,0,2021-04-01
166,FII,72655,44544,597049,475495,157004,251597,102163,119736,25602,28102,34749,28095,2021-04-01
167,Pro,16950,25853,155274,73867,177626,173623,188484,177305,83704,116117,176864,64313,2021-04-01
168,Client,162145,151522,860717,211823,948528,707289,902683,859733,395962,144208,248152,211363,2021-04-05
169,DII,688,22461,19411,859633,267,7362,0,0,0,9,17105,0,2021-04-05
170,FII,65907,55237,589714,492272,207884,286204,162853,146506,28651,30665,37817,30248,2021-04-05
171,Pro,19862,19382,163113,69227,289975,250300,381118,244916,81120,131175,202659,64446,2021-04-05
172,Client,157446,143994,872895,218838,1071525,857342,1018182,1003216,422890,159736,270833,224122,2021-04-06
173,DII,688,23170,18803,863339,267,7362,0,0,0,9,17548,0,2021-04-06
174,FII,65940,52397,586829,489983,246860,318301,185316,171201,30837,32034,39955,31126,2021-04-06
175,Pro,16407,20920,167671,74038,333177,302480,448331,311068,87133,134710,212524,71241,2021-04-06
176,Client,160074,145057,872360,219122,1049557,1171413,1039917,1218952,432269,169528,284542,227115,2021-04-07
177,DII,688,26955,20066,864724,267,7175,0,0,0,9,22120,0,2021-04-07
178,FII,61990,42114,589303,483519,248694,325920,179891,193762,33885,33395,43074,32979,2021-04-07
179,Pro,15326,23952,163405,77769,352500,383843,431210,475637,95727,133335,212145,76173,2021-04-07
180,Client,147861,136853,876923,219857,556452,601868,570710,738738,458839,179730,296018,235429,2021-04-08
181,DII,688,27775,21144,865896,267,7728,0,0,0,3,27665,0,2021-04-08
182,FII,62459,40184,587118,482995,154913,271626,103199,130186,35334,35184,45890,34568,2021-04-08
183,Pro,16904,23100,166561,82998,179404,183454,217127,195752,101779,140351,226379,85271,2021-04-08
184,Client,158840,136419,896238,240444,828272,779504,847154,950874,515684,184419,320285,247288,2021-04-09
185,DII,687,29108,22965,869637,267,7728,0,0,222,3,29540,0,2021-04-09
186,FII,63449,46750,585247,484614,193775,305666,140725,148802,37930,37469,50712,36188,2021-04-09
187,Pro,18381,29080,179078,88833,284025,285400,318460,278622,107165,152381,260464,90796,2021-04-09
188,Client,158648,131349,863102,226881,1271999,727669,1139870,904545,577757,171284,340600,253995,2021-04-12
189,DII,697,29519,21716,866686,267,10653,0,0,222,3,30040,0,2021-04-12
190,FII,60912,61131,594159,498697,225244,320151,167993,152282,41113,38844,58855,39666,2021-04-12
191,Pro,24314,22572,190471,77184,344316,287839,533963,289485,108262,179011,297859,95481,2021-04-12
192,Client,150938,125886,852720,217848,1047750,1072481,1044220,1150716,576049,188620,352897,254955,2021-04-13
193,DII,697,33960,22159,872661,267,10693,0,0,222,3,28220,0,2021-04-13
194,FII,69149,49933,606519,496955,241466,346293,160017,212730,46191,40029,61447,41801,2021-04-13
195,Pro,13662,24667,178956,72890,353460,365298,438706,431319,112584,172909,292482,104805,2021-04-13
196,Client,149533,124505,859177,219770,547195,638450,589820,774031,598165,199610,363777,258506,2021-04-15
197,DII,695,41822,24796,876207,267,23303,0,0,159,0,29871,0,2021-04-15
198,FII,78762,46385,604339,499806,186851,305132,116127,162256,47184,41081,64341,44507,2021-04-15
199,Pro,14311,30589,178277,70806,204457,216831,232823,247429,111361,170894,298880,108572,2021-04-15
200,Client,148411,125052,861098,222819,733609,835798,794637,989667,609149,221410,375955,266311,2021-04-16
201,DII,695,46246,26944,881415,267,23303,0,0,159,0,32836,0,2021-04-16
202,FII,88129,56974,610897,499361,234056,345986,141411,198084,49435,42146,69047,45328,2021-04-16
203,Pro,14911,23874,179099,74443,267439,283353,299323,300689,122321,169369,303226,121286,2021-04-16
204,Client,137840,114870,855784,224263,945788,953815,973010,1087033,642249,211649,391177,267849,2021-04-19
205,DII,631,40206,27468,885077,267,23703,0,0,159,0,33506,0,2021-04-19
206,FII,81877,54659,616015,500575,261884,384483,172413,237686,50813,43768,71918,44601,2021-04-19
207,Pro,14279,24892,183536,72888,331197,356653,393713,393935,116558,175881,313178,118848,2021-04-19
208,Client,143069,123689,859574,224324,1179520,976597,1111592,1135929,646791,217191,399547,269695,2021-04-20
209,DII,630,45913,27918,889554,267,23142,0,0,159,0,33256,0,2021-04-20
210,FII,78936,47704,616496,503918,247360,382533,184826,232804,52730,45976,74071,46914,2021-04-20
211,Pro,17071,22400,182710,68902,335935,329275,466664,342814,121369,175773,314175,122331,2021-04-20
212,Client,154429,122490,866025,236849,562082,695672,643755,814337,634840,233536,400927,272281,2021-04-22
213,DII,1630,46054,29258,889556,267,25041,0,0,159,0,33456,0,2021-04-22
214,FII,72806,37093,631389,507205,199836,309520,104667,173044,54421,46894,74353,47740,2021-04-22
215,Pro,14187,37415,181306,74368,211405,203930,225168,246782,126784,169819,307468,130228,2021-04-22
216,Client,149717,118258,857529,239591,732817,859255,821545,980444,620595,230663,396874,267665,2021-04-23
217,DII,1630,49201,30026,894424,267,25041,0,0,121,0,33456,0,2021-04-23
218,FII,75831,42585,644115,503136,241978,318276,134144,192118,53907,47613,73776,47256,2021-04-23
219,Pro,16239,33373,181449,75968,276064,287447,295437,317457,127631,165845,298148,129200,2021-04-23
220,Client,160079,126845,860789,242065,797167,1071528,897165,1155015,596163,237007,384713,264416,2021-04-26
221,DII,1630,51746,34172,898664,267,25661,0,0,121,0,33238,0,2021-04-26
222,FII,83368,38641,658281,507792,268399,348619,149539,225483,51477,47550,71172,46109,2021-04-26
223,Pro,15665,43510,179889,84610,305786,319378,324915,384688,131584,161653,290222,135685,2021-04-26
224,Client,168403,134453,871075,253417,785891,1273609,915329,1298315,554690,243771,368842,261986,2021-04-27
225,DII,1344,52399,38275,904233,267,23440,0,0,0,0,29568,0,2021-04-27
226,FII,87373,43121,676507,512741,291265,369808,152552,245249,48336,45947,67386,45978,2021-04-27
227,Pro,17197,44344,181474,96940,335209,329774,344751,453067,138129,161705,275359,143459,2021-04-27
228,Client,172005,158813,859837,257897,855888,1474993,924075,1415256,485299,225365,329563,247421,2021-04-28
229,DII,1354,46679,44702,904803,267,25200,0,0,0,0,29202,0,2021-04-28
230,FII,95886,48577,688986,507890,296509,407909,169102,288955,43491,43827,60648,44730,2021-04-28
231,Pro,21720,36896,172694,95629,312349,334897,371836,538788,143638,166972,253015,144013,2021-04-28
232,Client,106220,112652,722400,142684,422570,544279,453843,635671,223532,90088,145799,132392,2021-04-29
233,DII,1183,39699,24209,873518,267,20126,0,0,0,0,3634,0,2021-04-29
234,FII,73637,20710,622015,433696,150276,223800,87161,125741,12705,15507,17802,16317,2021-04-29
235,Pro,11629,19608,137507,56233,116058,141803,148167,168596,51501,87913,120503,44799,2021-04-29
236,Client,117887,103790,900217,196321,751800,643429,753186,800512,373252,139107,226244,198165,2021-04-30
237,DII,2902,35431,33865,1084813,267,20361,0,0,0,0,10778,0,2021-04-30
238,FII,64958,40692,764474,527412,220960,273039,143517,147212,22040,25383,34395,27553,2021-04-30
239,Pro,13890,19724,184279,74289,211806,232761,288130,221866,78034,132580,201909,71352,2021-04-30
240,Client,142540,103860,930354,221010,977911,893363,945050,1029164,439371,157418,262616,221822,2021-05-03
241,DII,3590,33656,31615,1092157,267,19961,0,0,373,0,18315,0,2021-05-03
242,FII,56576,49630,775698,543975,277952,326734,194567,185328,26081,27027,39404,28888,2021-05-03
243,Pro,12575,28135,201018,81543,297465,293410,413978,318976,88704,147015,234194,80750,2021-05-03
244,Client,154652,115554,938239,241212,1198101,925914,1121548,1082194,492792,170505,289208,244231,2021-05-04
245,DII,3070,34497,30627,1093638,267,19961,0,0,0,0,23616,0,2021-05-04
246,FII,52413,47926,797263,547834,298814,332037,204884,183356,30458,30169,45519,31470,2021-05-04
247,Pro,13215,25373,203418,86863,327481,307053,498231,319415,96978,164615,261885,89588,2021-05-04
248,Client,157086,110344,948821,248789,1178959,1161709,1142125,1246017,513320,188921,311362,250668,2021-05-05
249,DII,3070,36495,32659,1100643,267,26236,0,0,0,0,25091,0,2021-05-05
250,FII,50278,45815,807519,550180,306496,337285,213639,208943,32871,32128,48998,34576,2021-05-05
251,Pro,11489,29269,204575,93962,347706,347674,477664,417944,106283,162591,267023,98396,2021-05-05
252,Client,156250,108077,952994,263943,511160,654071,582419,778853,536695,205933,328390,261100,2021-05-06
253,DII,3069,39845,38034,1094967,267,20494,0,0,0,0,30247,0,2021-05-06
254,FII,52421,50496,809407,552094,225187,271225,118424,140386,35090,34609,51123,37280,2021-05-06
255,Pro,11500,24822,209064,98495,169169,193258,204940,219809,115815,168908,277840,111070,2021-05-06
256,Client,155475,110905,947421,259386,719160,864679,791493,1003051,559040,220673,343052,269742,2021-05-07
257,DII,3067,40242,39492,1092454,267,20494,0,0,0,0,31665,0,2021-05-07
258,FII,55783,50233,815029,561234,244456,299023,154128,174337,38005,38597,56208,40657,2021-05-07
259,Pro,10854,23799,207423,96291,281951,296933,300213,303741,127381,173452,293501,122323,2021-05-07
260,Client,160347,115284,965031,261566,894916,1098620,957071,1220688,585997,237547,364181,279996,2021-05-10
261,DII,3066,40240,38270,1086828,267,20494,0,0,0,0,35070,0,2021-05-10
262,FII,51739,49168,816640,582611,283562,337506,178044,200694,40410,43211,58966,43772,2021-05-10
263,Pro,12889,23349,212036,100972,358847,355446,402477,390684,138609,175501,306799,132491,2021-05-10
264,Client,159236,105023,977116,276628,1058720,1154918,1060906,1269830,647587,235898,388072,295511,2021-05-11
265,DII,3162,38757,37194,1082481,267,20994,0,0,0,0,36548,0,2021-05-11
266,FII,46306,64593,812651,589888,283126,358047,195202,232779,44402,45786,64201,45522,2021-05-11
267,Pro,17140,17471,224908,102872,354984,379243,440989,410593,143428,196340,346596,136991,2021-05-11
268,Client,167220,107953,995428,277606,584092,600441,614081,794928,720291,230385,419976,310747,2021-05-12
269,DII,3186,36669,39945,1079761,267,18266,0,0,0,0,37688,0,2021-05-12
270,FII,47185,70314,792375,604194,217183,317034,134056,148253,47862,48577,72483,47795,2021-05-12
271,Pro,16734,19389,235543,101730,177260,217824,230665,210384,147899,218530,385905,138950,2021-05-12
272,Client,164495,106916,991203,265298,925536,776513,967116,1009557,799413,233909,460284,322060,2021-05-14
273,DII,3186,36151,37013,1078128,267,18266,0,0,0,0,43439,0,2021-05-14
274,FII,47241,66197,787849,612531,301507,371077,185823,191277,51305,50723,79009,51256,2021-05-14
275,Pro,15782,21440,238642,98750,317140,328304,391511,293326,149676,228004,417662,139320,2021-05-14
276,Client,172845,103056,996711,261607,807999,1243329,952993,1331908,784850,253707,475242,322450,2021-05-17
277,DII,3186,39504,39405,1089306,267,20266,0,0,0,0,44588,0,2021-05-17
278,FII,54585,63964,800286,610940,289008,387567,167093,258287,55986,52727,81157,53986,2021-05-17
279,Pro,12673,36765,231790,106339,363739,424004,340927,484971,163535,217320,403384,147318,2021-05-17
280,Client,144828,117359,998079,231398,945791,1342018,1044717,1410018,755753,270761,473775,321804,2021-05-18
281,DII,3160,41460,38770,1092091,267,24587,0,0,0,0,52248,0,2021-05-18
282,FII,74158,54290,802609,622429,375999,428581,215122,284321,59160,55458,83307,55854,2021-05-18
283,Pro,18002,27039,222298,115838,355593,405577,417811,506424,177239,214318,382822,162879,2021-05-18
284,Client,143433,114676,1016219,235182,1192007,1306360,1232066,1418317,803048,269093,497068,330159,2021-05-19
285,DII,3172,40460,41142,1090690,267,26587,0,0,0,0,53646,0,2021-05-19
286,FII,72023,50088,797624,634838,388700,431150,234850,283793,63582,60050,90752,58162,2021-05-19
287,Pro,16811,30215,224165,118440,375585,428743,489643,490730,176606,223073,401770,163895,2021-05-19
288,Client,137595,105918,1030969,233619,651164,653668,703630,859410,854651,259916,519527,339191,2021-05-20
289,DII,3174,37460,43012,1090883,267,26569,0,0,0,0,55734,0,2021-05-20
290,FII,69743,56880,793398,655055,256086,356690,142026,172040,66149,60417,94501,57520,2021-05-20
291,Pro,18624,28878,238372,126194,180619,216294,242480,221771,176984,235476,428022,159098,2021-05-20
292,Client,138613,120834,1044777,209827,733918,1015926,837416,1151555,764204,273373,492608,335447,2021-05-21
293,DII,3172,41460,43012,1090449,267,27069,0,0,0,0,56810,0,2021-05-21
294,FII,74694,48141,799092,677329,323382,371955,195685,210244,66488,60650,89258,57133,2021-05-21
295,Pro,26464,32508,232670,141946,274912,278979,299378,332130,193034,224680,385050,166123,2021-05-21
296,Client,138407,121189,1057017,205221,977782,1123791,1003215,1265476,742085,268757,477979,331518,2021-05-24
297,DII,3364,44810,41999,1088264,267,32538,0,0,0,0,57982,0,2021-05-24
298,FII,70686,47771,797053,696275,323968,375791,206627,208280,61788,57101,81786,53522,2021-05-24
299,Pro,30516,29203,236117,142426,286041,289688,378216,348052,193174,227770,379300,168588,2021-05-24
300,Client,130667,125248,1063445,188506,1171167,1129943,1177591,1304269,714184,263833,464147,333126,2021-05-25
301,DII,3369,43810,41762,1087270,267,42113,0,0,0,0,55022,0,2021-05-25
302,FII,91231,55817,771142,697782,347476,400895,218568,222153,56087,51870,75952,52505,2021-05-25
303,Pro,28891,29283,231732,134523,343361,315367,466112,361896,192897,234860,368047,164932,2021-05-25
304,Client,134395,135623,1072080,181218,1217846,1319518,1238884,1448725,635636,249697,430564,327022,2021-05-26
305,DII,3360,43650,41756,1092436,267,43799,0,0,0,0,38821,0,2021-05-26
306,FII,103229,55383,757129,693045,395908,449315,243700,250317,50440,47041,68802,49105,2021-05-26
307,Pro,27043,33371,227885,132151,329225,324826,460662,438416,185380,239479,333269,160090,2021-05-26
308,Client,103993,135711,1042699,145765,505456,567696,574832,702991,353665,110989,224408,192647,2021-05-27
309,DII,1635,43650,29363,1075069,267,42364,0,0,0,0,2831,0,2021-05-27
310,FII,100595,12603,707199,677272,182288,230936,85894,113252,22541,18501,29172,18915,2021-05-27
311,Pro,8539,22798,197093,78248,170067,175171,197352,199924,67085,133379,186880,51307,2021-05-27
312,Client,106141,142409,1049280,150661,804014,807644,858424,960594,461460,142371,282875,228529,2021-05-28
313,DII,1835,44640,30615,1082550,267,45800,0,0,0,0,10645,0,2021-05-28
314,FII,107331,15169,713594,688546,229504,294883,132616,163783,30510,26317,43235,28283,2021-05-28
315,Pro,10490,23579,208848,80580,290263,281871,333008,305821,92653,157896,247868,69772,2021-05-28
316,Client,111395,144947,1049661,163578,880330,1113392,978563,1226124,538359,168197,327520,253057,2021-05-31
317,DII,2263,44549,31285,1078829,267,47812,0,0,0,0,23439,0,2021-05-31
318,FII,101638,15794,716399,698158,242586,325528,127026,190384,38712,31879,53241,34088,2021-05-31
319,Pro,14077,24083,219153,75933,342013,350588,359607,420812,115115,171952,287986,84883,2021-05-31
320,Client,111713,148586,1040919,156187,1164077,1148750,1190350,1293172,594087,178810,354281,269015,2021-06-01
321,DII,2263,44555,31001,1080787,267,50738,0,0,0,0,36803,0,2021-06-01
322,FII,105243,16974,718258,697549,297185,319821,191296,188020,39703,34459,57635,37119,2021-06-01
323,Pro,13907,23011,220251,75906,400798,402742,480681,440859,125229,185963,310300,93098,2021-06-01
324,Client,115020,140227,1046620,158661,1231357,1212443,1260223,1358173,627841,196589,377808,289014,2021-06-02
325,DII,2231,41545,32664,1085753,267,52457,0,0,0,0,41825,0,2021-06-02
326,FII,95707,16842,697989,676991,303486,321293,203692,188529,43636,42927,67381,39426,2021-06-02
327,Pro,10747,25091,223625,79493,375546,375335,446741,414826,138056,194295,322519,105371,2021-06-02
328,Client,113266,149523,1056403,160385,572146,709696,636597,843375,670763,212317,397412,305646,2021-06-03
329,DII,2231,41546,32941,1084079,267,41269,0,0,0,0,46865,0,2021-06-03
330,FII,100607,17134,693534,684502,179864,258665,86114,143091,46854,52208,79449,42753,2021-06-03
331,Pro,14050,21951,227440,81352,180356,219549,209922,242713,148043,202520,341934,118646,2021-06-03
332,Client,115751,150820,1067753,165524,983422,884125,1006084,1087839,726845,226208,425543,323856,2021-06-04
333,DII,2176,41572,33248,1082528,267,44771,0,0,0,0,49490,0,2021-06-04
334,FII,99389,21814,686884,686197,250553,316276,161235,169809,51329,58603,89957,46531,2021-06-04
335,Pro,19346,22456,232887,86523,321284,342464,388207,329988,157826,213394,371010,127818,2021-06-04
336,Client,113842,155816,1074744,168868,1095710,1040485,1130968,1243404,776049,233883,454241,336544,2021-06-07
337,DII,2176,40572,33893,1081347,267,51948,0,0,0,0,60683,0,2021-06-07
338,FII,100358,18494,684284,690157,285036,346591,179312,190492,55861,66892,98463,49875,2021-06-07
339,Pro,20762,22256,233955,86504,356971,362538,427704,367666,166744,218697,385267,133053,2021-06-07
340,Client,117046,154533,1077845,171863,1327213,1103021,1326019,1323779,828507,243724,482100,349785,2021-06-08
341,DII,2170,41578,33934,1077289,267,57602,0,0,0,0,66659,0,2021-06-08
342,FII,100133,19220,678890,689317,311997,359791,210199,190127,57899,70916,104785,51947,2021-06-08
343,Pro,20666,24684,237057,89257,387991,390830,491250,397338,171427,224779,404289,137687,2021-06-08
344,Client,109738,156378,1065416,168407,1554979,1079361,1465622,1294595,893685,231999,504614,362411,2021-06-09
345,DII,2170,40176,31412,1071656,267,56777,0,0,0,0,70797,0,2021-06-09
346,FII,102685,17100,685002,694562,281911,317183,214810,191429,58273,75910,113463,52901,2021-06-09
347,Pro,22638,23577,240609,87814,397696,399050,554421,366347,175086,244123,438170,136720,2021-06-09
348,Client,124370,154441,1069092,185467,619342,731129,686996,886794,900722,260460,520206,370542,2021-06-10
349,DII,2170,40172,31889,1068240,267,58864,0,0,0,0,74038,0,2021-06-10
350,FII,98089,20869,700400,690837,191145,256765,89588,132956,63989,77506,116594,56703,2021-06-10
351,Pro,18766,27913,239808,96645,179765,212265,213935,239273,183855,237403,437728,148124,2021-06-10
352,Client,138067,159653,1078604,202875,963271,966806,1023650,1163202,941422,276422,545334,385392,2021-06-11
353,DII,1792,43167,32566,1066004,267,65454,0,0,0,0,78023,0,2021-06-11
354,FII,95213,19645,706405,695629,248933,293554,160453,163229,66933,82026,123658,57983,2021-06-11
355,Pro,20727,33334,247688,100755,330271,323164,358639,322547,194502,243108,455842,158181,2021-06-11
356,Client,153068,147375,1074753,214147,1092112,1065310,1167141,1271296,980324,278364,570823,396773,2021-06-14
357,DII,1848,42098,32905,1065400,267,63785,0,0,0,0,81022,0,2021-06-14
358,FII,77251,26051,714042,694740,282845,328181,176469,174449,68498,83447,125817,59220,2021-06-14
359,Pro,16716,33359,253262,100675,321830,348192,353444,359723,196708,253983,467868,159801,2021-06-14
360,Client,159877,151472,1077854,227382,1126701,1255717,1218226,1430687,1009504,292454,598150,411429,2021-06-15
361,DII,1868,42098,32669,1065090,267,64683,0,0,0,0,81422,0,2021-06-15
362,FII,78884,27664,724674,697029,298992,323639,188135,179780,71448,87713,129966,62730,2021-06-15
363,Pro,17134,36529,256258,101954,368028,402328,387627,435900,206261,261469,477675,167477,2021-06-15
364,Client,146745,147061,1074949,214375,1460241,1166957,1455867,1422438,1050671,279167,617042,416258,2021-06-16
365,DII,1877,40194,30503,1069856,267,62883,0,0,0,0,83781,0,2021-06-16
366,FII,74416,28796,725464,702833,334029,361790,232964,190968,68595,90345,134243,60301,2021-06-16
367,Pro,19612,26599,256156,100008,421832,424610,527538,402834,200431,267134,484631,160087,2021-06-16
368,Client,144378,146819,1079807,204427,783350,695555,829257,933153,1077175,274317,636114,421614,2021-06-17
369,DII,1871,40107,30559,1075124,267,60573,0,0,0,0,84155,0,2021-06-17
370,FII,73321,30085,731827,717096,206643,295337,94841,122856,65903,89114,133581,57724,2021-06-17
371,Pro,21988,24547,257797,103343,212167,252107,278329,247563,195613,270500,484841,154593,2021-06-17
372,Client,131857,139944,1070742,176590,1046449,901406,1098871,1155729,1026188,256167,608663,404066,2021-06-18
373,DII,1896,37845,30596,1081822,267,56850,0,0,0,0,84026,0,2021-06-18
374,FII,78919,37555,726790,716606,222648,338783,118176,163134,59736,84093,122522,52677,2021-06-18
375,Pro,23294,20622,251885,104995,282843,324666,335160,302842,191068,262687,461781,146204,2021-06-18
376,Client,140841,138105,1080737,173990,1092404,1178483,1171800,1381621,972967,257047,588910,396340,2021-06-21
377,DII,2040,35854,30656,1089673,267,47766,0,0,0,0,81281,0,2021-06-21
378,FII,78689,41591,728186,715547,252118,356970,135975,175821,57418,80997,114969,49191,2021-06-21
379,Pro,20164,26184,249635,110004,333684,394766,370698,420543,194455,252558,439680,145071,2021-06-21
380,Client,144652,148547,1086289,168592,1372496,1140929,1381772,1384401,898864,256654,556698,386802,2021-06-22
381,DII,2036,45836,30896,1086411,267,47766,0,0,0,0,81294,0,2021-06-22
382,FII,83873,35142,728405,720955,337624,398506,192333,180013,55150,73470,104655,47964,2021-06-22
383,Pro,23582,24618,244196,113828,358185,376152,494467,398939,196417,249353,407784,144711,2021-06-22
384,Client,145251,153739,1091379,161254,1627970,1176525,1579855,1450242,793754,242309,497115,373431,2021-06-23
385,DII,2048,48849,32002,1102440,267,44520,0,0,0,0,78458,0,2021-06-23
386,FII,90721,33230,715652,698732,416273,447987,263639,200098,53009,70383,101223,47807,2021-06-23
387,Pro,25651,27853,237553,114160,381128,397580,582144,416272,192625,248741,362592,140195,2021-06-23
388,Client,132834,168820,1078549,130369,608389,617685,674885,748760,394114,133872,252127,237035,2021-06-24
389,DII,2117,54828,16761,1099380,267,15392,0,0,0,0,723,0,2021-06-24
390,FII,115293,25096,659202,657542,171572,206555,84725,113049,13656,16721,22123,12067,2021-06-24
391,Pro,20643,22143,205358,72579,185582,250184,206200,228007,73850,152552,206647,54043,2021-06-24
392,Client,147727,174717,1105880,148896,850092,987241,952931,1148328,505905,167397,318983,276274,2021-06-25
393,DII,2117,56780,18926,1119027,401,17378,0,0,0,0,11813,0,2021-06-25
394,FII,106077,26591,668604,668942,216458,267609,115700,153808,26947,31482,42469,23655,2021-06-25
395,Pro,25738,23571,221706,78251,294552,344676,292872,314768,95893,167998,255480,66948,2021-06-25
396,Client,154963,173721,1131733,158537,1224282,1089588,1272638,1287198,571385,183597,361556,306260,2021-06-28
397,DII,2112,56757,19822,1130063,401,20878,0,0,0,0,23759,0,2021-06-28
398,FII,98981,28166,667808,681925,270901,304125,172830,172375,32426,37515,49926,26384,2021-06-28
399,Pro,25099,22511,233793,82631,381402,391112,431517,346129,110743,185616,279313,74084,2021-06-28
400,Client,162709,174704,1158001,167408,1548586,1072962,1541155,1346423,640100,192705,393372,333299,2021-06-29
401,DII,2053,57275,20217,1145692,401,20378,0,0,0,0,34584,0,2021-06-29
402,FII,85083,30335,665807,697854,330193,358075,227206,183467,35625,41260,57263,29154,2021-06-29
403,Pro,32820,20351,246796,79867,459407,455674,570226,377198,118785,207959,309291,79471,2021-06-29
404,Client,161800,184114,1162902,164182,1658243,1117852,1643110,1402395,680039,200560,417570,346593,2021-06-30
405,DII,2063,57794,22205,1153941,401,21684,0,0,0,0,43157,0,2021-06-30
406,FII,91057,30603,668057,710755,330269,350707,223587,178578,39078,43344,62251,31672,2021-06-30
407,Pro,40205,22614,249022,73308,454383,479696,576598,388966,124823,218984,320962,84623,2021-06-30
408,Client,166694,177005,1173152,167247,907272,760658,939755,1003987,724640,210823,439855,360054,2021-07-01
409,DII,1996,57834,22166,1159827,401,24684,0,0,0,0,52597,0,2021-07-01
410,FII,92819,36058,669970,717991,223493,301210,120550,127693,42421,45325,66841,33734,2021-07-01
411,Pro,30851,21463,253829,74052,241425,320209,312285,275080,130256,227982,338024,90342,2021-07-01
412,Client,166452,176152,1171319,170041,1128978,1028634,1190321,1260653,751440,219865,460197,370763,2021-07-02
413,DII,1945,57834,22378,1165246,401,24684,0,0,0,0,54751,0,2021-07-02
414,FII,87447,29573,672407,714572,214266,302772,137101,154294,45032,47334,71831,35772,2021-07-02
415,Pro,28462,20747,257287,73532,333496,366114,349718,307257,135554,235212,345247,95876,2021-07-02
416,Client,167538,167755,1168899,169225,1158539,1345007,1259746,1525317,759246,231517,474459,372678,2021-07-05
417,DII,1977,59799,22485,1174319,401,24684,0,0,0,0,58339,0,2021-07-05
418,FII,90934,34236,682686,706939,233220,308752,150442,176072,48446,48069,74930,38597,2021-07-05
419,Pro,27148,25807,254639,78226,413885,449197,395856,426251,140992,232432,340956,100743,2021-07-05
420,Client,158694,171939,1160158,177919,1279434,1442659,1354322,1637466,795361,239166,490089,389985,2021-07-06
421,DII,2343,59796,26764,1175026,401,27620,0,0,0,0,59710,0,2021-07-06
422,FII,94864,35258,696645,705998,261125,331708,164135,192725,51707,52671,82200,43387,2021-07-06
423,Pro,32272,21180,257777,82401,440539,508689,463042,480485,147824,246374,362893,104839,2021-07-06
424,Client,164039,171868,1169049,182805,1308226,1672693,1434145,1826929,820367,254246,512346,399600,2021-07-07
425,DII,2353,57794,26398,1180757,401,29154,0,0,0,0,63607,0,2021-07-07
426,FII,88989,33865,697690,705563,293320,378679,192489,240944,54854,56156,86196,47478,2021-07-07
427,Pro,29447,21301,262096,86108,448281,534612,423594,547266,157047,248145,370119,111469,2021-07-07
428,Client,179341,166810,1169208,191769,1011624,844798,1028803,1117125,890506,244937,533757,416067,2021-07-08
429,DII,2377,53007,26887,1176239,401,30070,0,0,0,0,67080,0,2021-07-08
430,FII,80441,61370,689294,708881,217886,344156,131668,153407,56868,60956,96000,49002,2021-07-08
431,Pro,36908,17880,274636,83136,259243,331658,328683,280151,150132,269102,400669,109926,2021-07-08
432,Client,178386,158223,1180169,192773,1373780,1060855,1401776,1395242,917034,252758,553616,419567,2021-07-09
433,DII,2383,53097,25765,1187121,401,26570,0,0,0,0,71910,0,2021-07-09
434,FII,78173,64280,687321,705530,341014,409771,233192,179345,57858,62234,98740,51270,2021-07-09
435,Pro,36678,20020,276618,84449,375577,430737,455804,353346,154207,271078,404833,115233,2021-07-09
436,Client,167837,162001,1179224,194156,1629844,1168075,1619541,1501917,942988,257969,568089,427937,2021-07-12
437,DII,2392,53097,27029,1187097,401,26570,0,0,0,0,72727,0,2021-07-12
438,FII,81265,58317,689536,707946,349631,413833,254574,193431,58858,64494,101911,52996,2021-07-12
439,Pro,39360,17439,279797,86387,443519,449753,549279,362884,156873,276442,415992,117972,2021-07-12
440,Client,165257,162895,1173919,190665,1366804,1559655,1510333,1730859,938119,273972,576350,429951,2021-07-13
441,DII,2453,53097,29271,1188223,401,34570,0,0,0,0,74394,0,2021-07-13
442,FII,94421,40205,696646,704627,340638,387051,229597,236498,61389,65168,102258,55742,2021-07-13
443,Pro,23010,28944,273883,90204,475396,493882,443309,507802,164748,272482,411254,125929,2021-07-13
444,Client,165432,167177,1179114,195014,1408197,1661565,1542439,1833926,957432,287852,592354,435915,2021-07-14
445,DII,2733,53097,29879,1189927,401,34570,0,0,0,0,76282,0,2021-07-14
446,FII,98086,40503,699668,708007,336794,409212,226260,256317,63017,65227,104577,57748,2021-07-14
447,Pro,24273,29747,277336,93049,475574,529086,452267,544190,172480,274062,419716,133478,2021-07-14
448,Client,168850,179361,1186566,202675,812691,997209,943364,1183126,961385,304496,598715,440774,2021-07-15
449,DII,2792,53033,30141,1189898,401,34570,0,0,0,0,77284,0,2021-07-15
450,FII,104884,38453,702775,708322,241271,329749,121124,172757,64525,65914,104505,60579,2021-07-15
451,Pro,25832,31511,283426,102013,281695,329984,271569,335629,183207,275373,428613,144430,2021-07-15
452,Client,168708,176642,1192737,207760,1239683,1221373,1335141,1453171,995659,306563,617087,446862,2021-07-16
453,DII,2698,53898,31447,1200956,401,36570,0,0,0,0,79421,0,2021-07-16
454,FII,98888,45350,706337,704734,296194,391888,191300,213368,64586,67105,106515,60831,2021-07-16
455,Pro,30899,25303,289142,106213,395953,419524,405790,402817,186222,283718,443444,149693,2021-07-16
456,Client,170928,175245,1198207,215792,1878432,1206754,1779486,1521596,1069376,290474,643713,453581,2021-07-19
457,DII,2628,52712,31440,1203174,401,31070,0,0,0,0,81582,0,2021-07-19
458,FII,79511,52284,699233,708022,310688,431783,261848,227058,65289,71342,116518,60285,2021-07-19
459,Pro,48698,21524,300220,102112,457434,481505,605620,402458,180876,296949,473728,144899,2021-07-19
460,Client,185622,181489,1195903,198218,2122029,1191736,1988782,1559730,1088467,280576,651226,451128,2021-07-20
461,DII,2628,51470,33530,1214050,401,26970,0,0,0,0,82848,0,2021-07-20
462,FII,73835,68941,697382,710733,388450,465416,320879,209864,60279,71094,116468,58833,2021-07-20
463,Pro,61254,21439,294898,98712,473460,467827,674678,382354,173326,294262,471530,135971,2021-07-20
464,Client,172158,165680,1196674,199544,1129857,962488,1133525,1210757,1056046,302196,648584,447467,2021-07-22
465,DII,2640,51427,36160,1222612,401,30470,0,0,0,0,84070,0,2021-07-22
466,FII,77360,57881,712079,706404,237863,358257,151726,156609,63470,68578,112955,58528,2021-07-22
467,Pro,45234,22404,289768,106121,256194,290214,339064,274062,182305,283076,456212,147855,2021-07-22
468,Client,154154,151686,1187853,191919,1315328,1307277,1405830,1552105,1021416,310011,639624,446339,2021-07-23
469,DII,2579,51427,39248,1219917,401,28070,0,0,0,0,84198,0,2021-07-23
470,FII,89439,60892,719341,710039,299957,403935,194503,206918,60892,64458,104593,57158,2021-07-23
471,Pro,38754,20921,288830,113397,375872,397860,391224,378119,193672,284506,447565,155478,2021-07-23
472,Client,149865,161416,1193451,186944,1601012,1531035,1637116,1760884,1003381,316653,632467,442751,2021-07-26
473,DII,2201,51421,41019,1222220,401,35916,0,0,0,0,85340,0,2021-07-26
474,FII,88104,59155,726695,709716,320662,420608,235499,244871,61991,62871,101458,57583,2021-07-26
475,Pro,51819,19997,283735,126020,429924,462247,479384,444050,198633,283362,444740,162552,2021-07-26
476,Client,148654,171492,1198373,184774,2096308,1496020,1992775,1802729,970049,308512,608450,434329,2021-07-27
477,DII,2187,50277,42940,1225321,401,32899,0,0,0,0,85295,0,2021-07-27
478,FII,91040,69885,723523,710014,355759,474813,283284,245604,61110,60763,100751,58471,2021-07-27
479,Pro,67406,17633,281086,125813,464025,482823,640433,438221,191946,279815,428609,156290,2021-07-27
480,Client,161693,169317,1195659,175650,2160815,1500254,2060307,1784527,882531,281112,559404,411894,2021-07-28
481,DII,3187,50134,44000,1245278,401,33031,0,0,400,0,80802,0,2021-07-28
482,FII,88789,72059,711524,692887,371896,457316,296311,227804,60818,60613,97834,58955,2021-07-28
483,Pro,57800,19959,278310,115678,474219,506159,650712,484428,189581,277696,395290,148572,2021-07-28
484,Client,130410,150917,1151533,149302,919593,816361,967858,1055935,434827,164208,273540,254965,2021-07-29
485,DII,3148,51787,18724,1233222,401,35776,0,0,400,0,8692,0,2021-07-29
486,FII,108444,49371,679011,633045,226746,323091,130259,127432,20954,25659,35992,22587,2021-07-29
487,Pro,29451,19378,225392,59091,254187,283463,302809,275324,67246,142040,205203,54355,2021-07-29
488,Client,164735,156502,1162658,183705,1313412,1114915,1353880,1398878,542765,191155,335268,297824,2021-07-30
489,DII,3160,54999,19449,1245596,401,47976,0,0,400,0,14828,0,2021-07-30
490,FII,92880,57516,702720,627417,273765,372195,194339,181337,28329,33770,50102,33083,2021-07-30
491,Pro,31915,23673,237491,65600,389604,415110,428962,369980,97727,176758,269023,70776,2021-07-30
492,Client,177166,163481,1168770,196983,1484203,1517394,1605317,1756760,605882,211772,377693,320428,2021-08-02
493,DII,3095,55690,19778,1254576,401,63376,0,0,400,0,21716,0,2021-08-02
494,FII,101643,65599,706346,616893,377154,418748,238979,228673,32510,35547,55669,35663,2021-08-02
495,Pro,33665,30799,242900,69342,489906,490821,507368,504905,118672,192832,302386,84060,2021-08-02
496,Client,184735,176059,1150060,204306,1351992,2209992,1567251,2301660,623272,235449,404703,336879,2021-08-03
497,DII,3061,56520,25658,1238389,401,68583,0,0,400,0,29700,0,2021-08-03
498,FII,120637,53417,711749,615198,451196,521553,261323,321279,36039,37603,57278,38827,2021-08-03
499,Pro,20800,43237,240084,69658,563816,623919,538830,801108,139718,196388,307748,93734,2021-08-03
500,Client,190313,181085,1140363,213051,1454671,2334895,1619724,2394964,680118,250299,430634,352618,2021-08-04
501,DII,3061,61423,31504,1224992,401,60251,0,0,400,0,35833,0,2021-08-04
502,FII,120181,50549,719888,620369,470499,546394,303553,375726,40206,40640,62934,42226,2021-08-04
503,Pro,20552,41050,240515,73858,599845,655655,602138,826504,152515,209681,343838,105776,2021-08-04
504,Client,206358,192588,1160729,230207,870010,1253113,1031928,1416434,754970,252825,463249,361125,2021-08-05
505,DII,3079,64423,33050,1230859,401,67383,0,0,400,0,58876,0,2021-08-05
506,FII,119773,54283,721431,624746,330726,400339,165832,237164,45307,43327,71316,43595,2021-08-05
507,Pro,21792,39708,248391,77789,278215,348785,281592,416021,161486,218818,368722,110250,2021-08-05
508,Client,211412,191472,1170384,236456,1278082,1466058,1417634,1704605,844266,261601,503033,382285,2021-08-06
509,DII,3063,65323,33160,1231422,401,82305,0,0,400,0,73325,0,2021-08-06
510,FII,119224,60589,715836,638241,339292,410716,191226,244233,49442,45280,76306,46639,2021-08-06
511,Pro,23385,39700,265623,78884,417971,495056,426886,505297,167671,238681,409115,116638,2021-08-06
512,Client,216080,194278,1170491,242219,1550453,1769513,1631068,1963997,918014,268128,534683,397358,2021-08-09
513,DII,3079,65424,34806,1225798,401,88305,0,0,297,0,84602,0,2021-08-09
514,FII,118310,57084,715625,642069,316099,386535,195542,247516,50793,46625,79329,48249,2021-08-09
515,Pro,22012,42695,269619,80455,438024,531470,478367,564309,169771,253801,440261,122947,2021-08-09
516,Client,220064,201365,1162571,245795,1741626,1884158,1817601,2100758,960297,276414,557103,407275,2021-08-10
517,DII,8063,65944,35675,1221707,401,88305,0,0,0,0,89936,0,2021-08-10
518,FII,121469,63201,722039,641512,387515,420223,266286,290346,54052,49977,83604,51229,2021-08-10
519,Pro,24879,43965,273532,84803,520963,573628,566617,575210,175592,263931,459298,131818,2021-08-10
520,Client,212974,187501,1160204,242103,2027334,1887290,2070077,2155199,984572,277711,572977,410341,2021-08-11
521,DII,8063,64807,36654,1234522,401,105305,0,0,0,0,92262,0,2021-08-11
522,FII,113387,66179,724896,632211,407868,428299,285373,286775,53907,52294,86088,52382,2021-08-11
523,Pro,26490,42427,270081,82999,538905,602675,619058,581594,171377,261404,458529,128686,2021-08-11
524,Client,224745,200789,1172345,259480,912902,1316956,1075844,1514112,1008281,303377,594898,421163,2021-08-12
525,DII,8063,64987,39155,1235158,401,103005,0,0,0,0,93294,0,2021-08-12
526,FII,116625,58984,736212,637873,289637,359606,135706,224315,57436,54069,88840,55198,2021-08-12
527,Pro,24494,49167,273243,88444,278285,354306,269674,395446,179895,260736,468580,141821,2021-08-12
528,Client,235127,217488,1169579,271020,1211671,1948512,1442869,2089305,1021767,330137,612349,429855,2021-08-13
529,DII,8564,68183,42791,1233609,401,92985,0,0,0,0,96105,0,2021-08-13
530,FII,127384,61812,750169,633013,421491,521118,207526,348667,60852,56622,94817,58482,2021-08-13
531,Pro,25391,48983,270335,95232,429212,504706,412379,629349,190286,254813,469634,153235,2021-08-13
