,date,open,high,low,close,volume
0,2020-01-02 00:00:00+05:30,32133.15,32465.45,32121.4,32443.85,0
1,2020-01-03 00:00:00+05:30,32326.95,32329.8,31960.4,32069.25,0
2,2020-01-06 00:00:00+05:30,31910.45,31914.45,31170.55,31237.15,0
3,2020-01-07 00:00:00+05:30,31598.05,31851.45,31200.9,31399.4,0
4,2020-01-08 00:00:00+05:30,30995.5,31451.85,30899.55,31373.65,0
5,2020-01-09 00:00:00+05:30,31748.25,32172.7,31667.15,32092.4,0
6,2020-01-10 00:00:00+05:30,32215.7,32347.2,31953.4,32097.4,0
7,2020-01-13 00:00:00+05:30,32139.1,32322.65,32074.05,32177.65,0
8,2020-01-14 00:00:00+05:30,32196.45,32196.45,31989.2,32071.65,0
9,2020-01-15 00:00:00+05:30,31994.75,32000.9,31670.35,31824.9,0
10,2020-01-16 00:00:00+05:30,31810.55,31988.9,31692.4,31853.9,0
11,2020-01-17 00:00:00+05:30,31571.65,31773.55,31445.5,31590.65,0
12,2020-01-20 00:00:00+05:30,31923.95,31923.95,31050.95,31080.65,0
13,2020-01-21 00:00:00+05:30,30978.85,31171.25,30858.6,30947.55,0
14,2020-01-22 00:00:00+05:30,31061.6,31149.05,30614.0,30701.45,0
15,2020-01-23 00:00:00+05:30,30742.2,31087.25,30621.35,31004.05,0
16,2020-01-24 00:00:00+05:30,31040.1,31375.45,30879.05,31241.75,0
17,2020-01-27 00:00:00+05:30,31110.55,31227.05,30808.55,30837.4,0
18,2020-01-28 00:00:00+05:30,30922.0,31048.45,30656.35,30761.4,0
19,2020-01-29 00:00:00+05:30,30915.1,31082.85,30835.8,30877.0,0
20,2020-01-30 00:00:00+05:30,30889.25,30909.5,30521.3,30647.4,0
21,2020-01-31 00:00:00+05:30,30950.5,31033.45,30691.8,30833.6,0
22,2020-02-01 00:00:00+05:30,30726.2,30918.6,29753.0,29820.9,0
23,2020-02-03 00:00:00+05:30,29811.75,30105.8,29612.55,30023.25,0
24,2020-02-04 00:00:00+05:30,30235.3,30776.95,30182.45,30686.7,0
25,2020-02-05 00:00:00+05:30,30761.95,31065.85,30630.85,31001.95,0
26,2020-02-06 00:00:00+05:30,31070.75,31470.65,30917.25,31304.05,0
27,2020-02-07 00:00:00+05:30,31367.05,31368.2,31111.05,31201.95,0
28,2020-02-10 00:00:00+05:30,31248.65,31248.8,30957.2,31058.15,0
29,2020-02-11 00:00:00+05:30,31230.2,31505.95,31225.9,31300.6,0
30,2020-02-12 00:00:00+05:30,31441.15,31588.6,31398.15,31492.9,0
31,2020-02-13 00:00:00+05:30,31586.55,31649.45,31180.6,31230.25,0
32,2020-02-14 00:00:00+05:30,31281.85,31436.65,30776.1,30834.8,0
33,2020-02-17 00:00:00+05:30,30873.85,30998.15,30630.5,30680.7,0
34,2020-02-18 00:00:00+05:30,30661.5,30692.75,30252.45,30562.5,0
35,2020-02-19 00:00:00+05:30,30905.0,30947.15,30606.15,30838.2,0
36,2020-02-20 00:00:00+05:30,30862.3,31085.3,30702.45,30942.85,0
37,2020-02-24 00:00:00+05:30,30666.35,30702.15,30428.0,30455.1,0
38,2020-02-25 00:00:00+05:30,30517.0,30610.7,30329.95,30432.7,0
39,2020-02-26 00:00:00+05:30,30279.95,30515.35,30131.75,30306.85,0
40,2020-02-27 00:00:00+05:30,30270.0,30271.95,29914.15,30187.0,0
41,2020-02-28 00:00:00+05:30,29501.55,29564.1,29051.5,29147.15,0
42,2020-03-02 00:00:00+05:30,29701.0,29791.15,28571.7,28868.4,0
43,2020-03-03 00:00:00+05:30,29012.55,29285.35,28749.55,29177.05,0
44,2020-03-04 00:00:00+05:30,29252.95,29273.65,28125.15,28653.7,0
45,2020-03-05 00:00:00+05:30,28830.3,29134.3,28535.6,28815.35,0
46,2020-03-06 00:00:00+05:30,27649.95,28047.2,27162.3,27801.45,0
47,2020-03-09 00:00:00+05:30,27031.45,27091.6,25923.4,26462.6,0
48,2020-03-11 00:00:00+05:30,26272.75,26791.45,26234.1,26487.8,0
49,2020-03-12 00:00:00+05:30,25175.9,25223.1,23536.35,23971.15,0
50,2020-03-13 00:00:00+05:30,22720.75,25670.75,21351.7,25166.45,0
51,2020-03-16 00:00:00+05:30,24061.6,24074.15,23008.25,23101.15,0
52,2020-03-17 00:00:00+05:30,23348.05,23449.5,22002.0,22155.15,0
53,2020-03-18 00:00:00+05:30,22411.85,22544.05,20267.95,20580.2,0
54,2020-03-19 00:00:00+05:30,19428.95,21035.05,18675.65,20083.5,0
55,2020-03-20 00:00:00+05:30,19898.3,20924.55,19265.0,20317.6,0
56,2020-03-23 00:00:00+05:30,18311.3,18895.65,16791.05,16917.65,0
57,2020-03-24 00:00:00+05:30,17705.85,17841.4,16116.25,17107.3,0
58,2020-03-25 00:00:00+05:30,16759.95,18740.2,16635.5,18481.05,0
59,2020-03-26 00:00:00+05:30,18781.85,20409.35,18364.5,19613.9,0
60,2020-03-27 00:00:00+05:30,20801.6,21462.4,19580.1,19969.0,0
61,2020-03-30 00:00:00+05:30,19254.45,19716.25,18668.7,18782.4,0
62,2020-03-31 00:00:00+05:30,19307.65,19466.3,18792.4,19144.0,0
63,2020-04-01 00:00:00+05:30,19122.4,19154.75,18042.25,18208.35,0
64,2020-04-03 00:00:00+05:30,18325.05,18326.1,17143.2,17249.3,0
65,2020-04-07 00:00:00+05:30,18454.55,19190.55,17953.75,19062.5,0
66,2020-04-08 00:00:00+05:30,18799.4,20324.1,18482.9,18946.45,0
67,2020-04-09 00:00:00+05:30,19553.15,19988.3,19166.9,19913.6,0
68,2020-04-13 00:00:00+05:30,19854.9,19887.05,19294.0,19488.0,0
69,2020-04-15 00:00:00+05:30,20096.35,20184.1,18776.75,19057.05,0
70,2020-04-16 00:00:00+05:30,18957.15,19520.3,18703.45,19400.0,0
71,2020-04-17 00:00:00+05:30,20394.75,20866.55,19729.3,20681.45,0
72,2020-04-20 00:00:00+05:30,21104.7,21122.1,20444.25,20522.65,0
73,2020-04-21 00:00:00+05:30,19812.05,19891.45,19247.95,19409.35,0
74,2020-04-22 00:00:00+05:30,19306.95,19806.35,19051.95,19701.85,0
75,2020-04-23 00:00:00+05:30,19871.35,20356.5,19584.4,20267.95,0
76,2020-04-24 00:00:00+05:30,19697.65,19950.15,19515.4,19586.65,0
77,2020-04-27 00:00:00+05:30,19870.8,20224.75,19847.65,20081.15,0
78,2020-04-28 00:00:00+05:30,20436.6,20751.3,20260.8,20671.1,0
79,2020-04-29 00:00:00+05:30,20440.4,21348.15,20393.65,21090.2,0
80,2020-04-30 00:00:00+05:30,21589.2,21967.0,21353.65,21534.5,0
81,2020-05-04 00:00:00+05:30,20514.75,20530.45,19643.6,19743.75,0
82,2020-05-05 00:00:00+05:30,20147.3,20223.15,19212.35,19271.75,0
83,2020-05-06 00:00:00+05:30,19302.45,19806.6,18941.0,19694.55,0
84,2020-05-07 00:00:00+05:30,19536.05,19757.25,19332.15,19491.8,0
85,2020-05-08 00:00:00+05:30,19844.0,19969.6,19285.05,19352.9,0
86,2020-05-11 00:00:00+05:30,19610.45,19733.4,18900.9,18950.5,0
87,2020-05-12 00:00:00+05:30,18751.4,18993.4,18287.0,18862.85,0
88,2020-05-13 00:00:00+05:30,20017.75,20122.25,19429.9,19634.95,0
89,2020-05-14 00:00:00+05:30,19197.7,19380.1,19024.75,19068.5,0
90,2020-05-15 00:00:00+05:30,19098.8,19119.1,18683.65,18833.95,0
91,2020-05-18 00:00:00+05:30,18795.1,18795.1,17514.2,17573.2,0
92,2020-05-19 00:00:00+05:30,18037.15,18175.3,17390.65,17486.25,0
93,2020-05-20 00:00:00+05:30,17486.5,18002.65,17407.7,17840.2,0
94,2020-05-21 00:00:00+05:30,17901.95,18200.7,17658.55,17735.1,0
95,2020-05-22 00:00:00+05:30,17554.25,17952.25,17105.0,17278.9,0
96,2020-05-26 00:00:00+05:30,17537.65,17681.7,17311.25,17440.35,0
97,2020-05-27 00:00:00+05:30,17603.4,18874.25,17560.35,18710.55,0
98,2020-05-28 00:00:00+05:30,18924.45,19455.55,18818.95,19169.8,0
99,2020-05-29 00:00:00+05:30,18962.0,19358.05,18729.9,19297.25,0
100,2020-06-01 00:00:00+05:30,19728.9,20225.35,19632.9,19959.9,0
101,2020-06-02 00:00:00+05:30,20120.6,20615.75,19852.55,20530.2,0
102,2020-06-03 00:00:00+05:30,20966.6,21619.55,20822.0,20940.7,0
103,2020-06-04 00:00:00+05:30,20932.35,21141.8,20316.2,20390.45,0
104,2020-06-05 00:00:00+05:30,20516.4,21198.7,20425.05,21034.5,0
105,2020-06-08 00:00:00+05:30,21636.1,21807.4,20911.25,21187.35,0
106,2020-06-09 00:00:00+05:30,21295.5,21568.85,20629.7,20724.9,0
107,2020-06-10 00:00:00+05:30,20760.95,21251.45,20671.55,21100.1,0
108,2020-06-11 00:00:00+05:30,21084.7,21244.45,20458.3,20525.15,0
109,2020-06-12 00:00:00+05:30,19529.3,20747.7,19526.1,20654.55,0
110,2020-06-15 00:00:00+05:30,20457.15,20470.85,19740.2,19912.9,0
111,2020-06-16 00:00:00+05:30,20500.65,20638.85,19507.05,20296.7,0
112,2020-06-17 00:00:00+05:30,20137.45,20627.9,19978.15,20201.75,0
113,2020-06-18 00:00:00+05:30,20137.6,21028.35,20030.35,20956.3,0
114,2020-06-19 00:00:00+05:30,20970.1,21467.65,20878.25,21338.1,0
115,2020-06-22 00:00:00+05:30,21491.55,22078.25,21425.55,21708.35,0
116,2020-06-23 00:00:00+05:30,21859.25,22322.3,21647.8,22264.9,0
117,2020-06-24 00:00:00+05:30,22479.35,22479.55,21336.35,21426.8,0
118,2020-06-25 00:00:00+05:30,21218.05,21703.5,20926.45,21506.15,0
119,2020-06-26 00:00:00+05:30,21735.05,21784.65,21320.1,21592.05,0
120,2020-06-29 00:00:00+05:30,21291.55,21440.05,21026.45,21359.0,0
121,2020-06-30 00:00:00+05:30,21524.3,21650.5,21212.0,21370.15,0
122,2020-07-01 00:00:00+05:30,21354.1,22061.6,21281.85,21977.6,0
123,2020-07-02 00:00:00+05:30,22133.8,22344.85,21890.5,21953.2,0
124,2020-07-03 00:00:00+05:30,22101.75,22130.3,21768.0,21852.4,0
125,2020-07-06 00:00:00+05:30,22270.95,22399.25,22171.05,22198.95,0
126,2020-07-07 00:00:00+05:30,22254.3,22674.5,22040.35,22628.0,0
127,2020-07-08 00:00:00+05:30,22700.9,23080.6,22499.5,22584.65,0
128,2020-07-09 00:00:00+05:30,22753.15,22998.3,22673.4,22907.2,0
129,2020-07-10 00:00:00+05:30,22720.95,22835.2,22320.05,22398.45,0
130,2020-07-13 00:00:00+05:30,22613.25,22657.4,21981.65,22089.25,0
131,2020-07-14 00:00:00+05:30,21877.6,21909.7,21222.45,21392.2,0
132,2020-07-15 00:00:00+05:30,21634.25,21935.5,21230.55,21340.75,0
133,2020-07-16 00:00:00+05:30,21453.25,21671.25,21027.85,21597.15,0
134,2020-07-17 00:00:00+05:30,21608.05,22065.0,21550.8,21966.8,0
135,2020-07-20 00:00:00+05:30,22307.3,22520.45,22187.8,22321.85,0
136,2020-07-21 00:00:00+05:30,22639.85,22861.9,22597.95,22782.0,0
137,2020-07-22 00:00:00+05:30,23159.0,23211.35,22658.2,22882.6,0
138,2020-07-23 00:00:00+05:30,22854.85,23122.35,22734.9,23083.9,0
139,2020-07-24 00:00:00+05:30,22853.2,22854.05,22417.2,22662.05,0
140,2020-07-27 00:00:00+05:30,22664.6,22668.05,21801.35,21848.75,0
141,2020-07-28 00:00:00+05:30,21940.15,22233.0,21611.4,22105.2,0
142,2020-07-29 00:00:00+05:30,22075.0,22346.4,21906.35,22076.6,0
143,2020-07-30 00:00:00+05:30,22195.05,22252.6,21580.15,21646.85,0
144,2020-07-31 00:00:00+05:30,21730.55,21806.95,21375.0,21640.05,0
145,2020-08-03 00:00:00+05:30,21543.8,21543.8,21031.45,21072.1,0
146,2020-08-04 00:00:00+05:30,21248.25,21576.35,21057.75,21490.5,0
147,2020-08-05 00:00:00+05:30,21686.85,21936.5,21448.4,21509.95,0
148,2020-08-06 00:00:00+05:30,21644.25,21926.55,21370.3,21642.6,0
149,2020-08-07 00:00:00+05:30,21620.25,21787.25,21451.3,21754.0,0
150,2020-08-10 00:00:00+05:30,21824.9,22071.95,21795.1,21900.25,0
151,2020-08-11 00:00:00+05:30,22050.2,22277.6,22039.85,22227.2,0
152,2020-08-12 00:00:00+05:30,22135.95,22326.55,21990.2,22264.0,0
153,2020-08-13 00:00:00+05:30,22395.2,22439.95,22139.6,22196.35,0
154,2020-08-14 00:00:00+05:30,22334.95,22334.95,21459.1,21679.4,0
155,2020-08-17 00:00:00+05:30,21906.95,21909.4,21403.15,21700.85,0
156,2020-08-18 00:00:00+05:30,21702.0,22227.75,21629.4,22170.6,0
157,2020-08-19 00:00:00+05:30,22315.4,22419.35,22234.25,22285.9,0
158,2020-08-20 00:00:00+05:30,21989.9,22079.9,21886.7,21999.45,0
159,2020-08-21 00:00:00+05:30,22190.7,22344.05,22165.05,22299.6,0
160,2020-08-24 00:00:00+05:30,22436.85,22897.5,22410.05,22833.0,0
161,2020-08-25 00:00:00+05:30,22973.4,23180.3,22857.9,23092.15,0
162,2020-08-26 00:00:00+05:30,23175.55,23453.4,23093.15,23414.2,0
163,2020-08-27 00:00:00+05:30,23511.45,23704.05,23464.15,23600.35,0
164,2020-08-28 00:00:00+05:30,23635.3,24611.8,23599.2,24523.8,0
165,2020-08-31 00:00:00+05:30,25038.8,25232.6,23385.3,23754.35,0
166,2020-09-01 00:00:00+05:30,23893.8,24199.65,23473.15,23812.0,0
167,2020-09-02 00:00:00+05:30,23769.0,23926.15,23482.55,23874.55,0
168,2020-09-03 00:00:00+05:30,23986.15,24051.6,23451.65,23530.85,0
169,2020-09-04 00:00:00+05:30,23119.15,23394.8,22876.9,23011.5,0
170,2020-09-07 00:00:00+05:30,23036.25,23109.1,22716.25,22945.05,0
171,2020-09-08 00:00:00+05:30,22971.2,23064.15,22641.4,22744.4,0
172,2020-09-09 00:00:00+05:30,22486.7,22554.6,22080.4,22267.0,0
173,2020-09-10 00:00:00+05:30,22466.55,22678.65,22225.25,22466.2,0
174,2020-09-11 00:00:00+05:30,22509.95,22668.75,22205.95,22479.95,0
175,2020-09-14 00:00:00+05:30,22683.35,22757.3,22028.15,22101.25,0
176,2020-09-15 00:00:00+05:30,22202.8,22514.15,22062.35,22465.65,0
177,2020-09-16 00:00:00+05:30,22476.3,22659.4,22216.5,22573.55,0
178,2020-09-17 00:00:00+05:30,22352.0,22504.45,22267.05,22320.35,0
179,2020-09-18 00:00:00+05:30,22439.35,22469.4,21784.9,22031.05,0
180,2020-09-21 00:00:00+05:30,21983.4,22098.85,21274.3,21366.8,0
181,2020-09-22 00:00:00+05:30,21445.25,21473.35,20958.45,21139.1,0
182,2020-09-23 00:00:00+05:30,21350.8,21365.05,20821.0,21178.5,0
183,2020-09-24 00:00:00+05:30,20898.8,20955.6,20404.9,20456.85,0
184,2020-09-25 00:00:00+05:30,20740.8,21064.3,20430.7,20982.35,0
185,2020-09-28 00:00:00+05:30,21152.05,21708.85,21055.1,21665.5,0
186,2020-09-29 00:00:00+05:30,21770.9,21811.5,21280.6,21411.3,0
187,2020-09-30 00:00:00+05:30,21405.25,21549.35,21128.5,21451.8,0
188,2020-10-01 00:00:00+05:30,21685.25,22293.75,21664.15,22246.0,0
189,2020-10-05 00:00:00+05:30,22352.1,22768.55,22247.25,22370.95,0
190,2020-10-06 00:00:00+05:30,22673.05,22893.5,22521.05,22853.7,0
191,2020-10-07 00:00:00+05:30,22836.95,23036.2,22607.8,22964.8,0
192,2020-10-08 00:00:00+05:30,23150.25,23450.9,23063.6,23191.35,0
193,2020-10-09 00:00:00+05:30,23312.6,23904.1,23132.45,23846.8,0
194,2020-10-12 00:00:00+05:30,23955.6,24190.35,23552.6,23712.8,0
195,2020-10-13 00:00:00+05:30,23663.05,23775.15,23431.5,23492.2,0
196,2020-10-14 00:00:00+05:30,23353.15,23962.7,23149.45,23874.65,0
197,2020-10-15 00:00:00+05:30,23920.35,24087.85,22970.95,23072.4,0
198,2020-10-16 00:00:00+05:30,23219.85,23646.2,23148.95,23533.25,0
199,2020-10-19 00:00:00+05:30,23902.9,24320.95,23754.85,24266.75,0
200,2020-10-20 00:00:00+05:30,24117.35,24410.9,24039.85,24311.8,0
201,2020-10-21 00:00:00+05:30,24444.2,24823.6,24099.85,24635.05,0
202,2020-10-22 00:00:00+05:30,24447.35,24691.15,24250.2,24484.15,0
203,2020-10-23 00:00:00+05:30,24669.2,24764.15,24360.85,24478.3,0
204,2020-10-26 00:00:00+05:30,24525.8,24577.3,23867.75,24075.45,0
205,2020-10-27 00:00:00+05:30,24288.05,24809.65,23924.2,24769.5,0
206,2020-10-28 00:00:00+05:30,24737.85,24780.7,24057.95,24232.5,0
207,2020-10-29 00:00:00+05:30,24063.5,24339.1,23822.05,24092.0,0
208,2020-10-30 00:00:00+05:30,24090.15,24277.35,23612.7,23900.9,0
209,2020-11-02 00:00:00+05:30,24367.6,25139.0,24120.6,24892.5,0
210,2020-11-03 00:00:00+05:30,25108.0,25760.7,25085.7,25682.8,0
211,2020-11-04 00:00:00+05:30,25539.55,25891.0,25142.0,25771.6,0
212,2020-11-05 00:00:00+05:30,26174.8,26375.2,26000.05,26313.1,0
213,2020-11-06 00:00:00+05:30,26274.1,26853.45,26135.3,26798.95,0
214,2020-11-09 00:00:00+05:30,27088.95,27595.0,27068.95,27534.1,0
215,2020-11-10 00:00:00+05:30,28039.45,28802.5,27916.9,28606.0,0
216,2020-11-11 00:00:00+05:30,28713.15,29030.9,28211.1,28845.0,0
217,2020-11-12 00:00:00+05:30,28633.75,28672.9,28066.05,28278.8,0
218,2020-11-13 00:00:00+05:30,28108.7,28520.55,27703.3,28465.7,0
219,2020-11-14 00:00:00+05:30,28685.7,28752.45,28431.85,28594.3,0
220,2020-11-17 00:00:00+05:30,28792.25,29239.25,28722.9,29181.3,0
221,2020-11-18 00:00:00+05:30,29107.9,29784.75,29056.75,29749.85,0
222,2020-11-19 00:00:00+05:30,29302.6,29627.2,28819.55,28903.05,0
223,2020-11-20 00:00:00+05:30,28935.75,29406.7,28580.9,29236.0,0
224,2020-11-23 00:00:00+05:30,29432.8,29492.3,28852.9,29024.2,0
225,2020-11-24 00:00:00+05:30,29265.6,29827.8,29206.75,29737.25,0
226,2020-11-25 00:00:00+05:30,30021.9,30197.85,29132.3,29196.4,0
227,2020-11-26 00:00:00+05:30,29370.4,29623.0,28923.1,29549.75,0
228,2020-11-27 00:00:00+05:30,29622.0,29716.85,29368.7,29609.05,0
229,2020-12-01 00:00:00+05:30,29844.8,29919.75,29511.0,29817.85,0
230,2020-12-02 00:00:00+05:30,29876.7,29886.25,29149.9,29463.15,0
231,2020-12-03 00:00:00+05:30,29728.9,29813.0,29379.4,29448.75,0
232,2020-12-04 00:00:00+05:30,29573.4,30162.3,29473.5,30052.4,0
233,2020-12-07 00:00:00+05:30,30062.6,30354.2,29950.6,30211.55,0
234,2020-12-08 00:00:00+05:30,30300.3,30363.8,30025.2,30261.9,0
235,2020-12-09 00:00:00+05:30,30335.05,30807.25,30326.7,30709.4,0
236,2020-12-10 00:00:00+05:30,30545.35,30610.0,30202.1,30510.35,0
237,2020-12-11 00:00:00+05:30,30555.3,30811.8,30328.45,30604.85,0
238,2020-12-14 00:00:00+05:30,30735.15,30845.8,30624.25,30745.9,0
239,2020-12-15 00:00:00+05:30,30805.4,30805.85,30345.75,30691.05,0
240,2020-12-16 00:00:00+05:30,30920.35,30932.25,30587.1,30698.4,0
241,2020-12-17 00:00:00+05:30,30791.2,30945.2,30643.9,30847.05,0
242,2020-12-18 00:00:00+05:30,30841.85,30854.05,30374.5,30714.65,0
243,2020-12-21 00:00:00+05:30,30595.8,30607.5,29201.2,29456.45,0
244,2020-12-22 00:00:00+05:30,29607.5,29711.15,28976.75,29625.95,0
245,2020-12-23 00:00:00+05:30,29560.75,29941.4,29446.0,29883.3,0
246,2020-12-24 00:00:00+05:30,30071.65,30545.85,30007.8,30402.2,0
247,2020-12-28 00:00:00+05:30,30558.85,30929.05,30538.15,30880.95,0
248,2020-12-29 00:00:00+05:30,31006.9,31359.35,31002.6,31322.5,0
249,2020-12-30 00:00:00+05:30,31479.8,31510.25,31007.15,31303.05,0
250,2020-12-31 00:00:00+05:30,31295.9,31409.5,31088.1,31264.05,0
251,2021-01-01 00:00:00+05:30,31297.3,31384.35,31188.25,31225.85,0
252,2021-01-04 00:00:00+05:30,31485.15,31489.6,30893.65,31212.45,0
253,2021-01-05 00:00:00+05:30,31041.1,31767.65,30935.55,31722.25,0
254,2021-01-06 00:00:00+05:30,31839.95,31982.3,31548.15,31797.9,0
255,2021-01-07 00:00:00+05:30,32129.8,32177.4,31911.5,31956.0,0
256,2021-01-08 00:00:00+05:30,32298.05,32298.05,32002.95,32084.2,0
257,2021-01-11 00:00:00+05:30,32280.3,32288.45,31836.95,31998.9,0
258,2021-01-12 00:00:00+05:30,31835.05,32397.95,31725.85,32339.0,0
259,2021-01-13 00:00:00+05:30,32546.6,32683.5,32148.25,32574.65,0
260,2021-01-14 00:00:00+05:30,32526.7,32718.95,32442.35,32519.75,0
261,2021-01-15 00:00:00+05:30,32508.9,32544.8,32044.35,32246.8,0
262,2021-01-18 00:00:00+05:30,32275.15,32441.5,31650.9,31811.75,0
263,2021-01-19 00:00:00+05:30,32082.9,32464.95,31863.95,32424.85,0
264,2021-01-20 00:00:00+05:30,32388.95,32607.45,32322.9,32543.7,0
265,2021-01-21 00:00:00+05:30,32732.8,32842.3,31985.55,32186.9,0
266,2021-01-22 00:00:00+05:30,32088.0,32131.4,31119.9,31167.25,0
267,2021-01-25 00:00:00+05:30,31507.15,31697.55,31013.65,31198.4,0
268,2021-01-27 00:00:00+05:30,31236.25,31287.05,30165.65,30284.55,0
269,2021-01-28 00:00:00+05:30,29812.3,30464.4,29687.7,30358.3,0
270,2021-01-29 00:00:00+05:30,30700.65,31111.95,30254.55,30565.5,0
271,2021-02-01 00:00:00+05:30,30976.35,33305.3,30906.45,33089.05,0
272,2021-02-02 00:00:00+05:30,33589.05,34652.5,33583.15,34267.9,0
273,2021-02-03 00:00:00+05:30,34555.6,34908.05,34011.9,34758.45,0
274,2021-02-04 00:00:00+05:30,34548.9,35413.15,34238.9,35344.8,0
275,2021-02-05 00:00:00+05:30,35634.95,36615.2,35545.0,35654.5,0
276,2021-02-08 00:00:00+05:30,36073.85,36466.45,35872.25,35983.65,0
277,2021-02-09 00:00:00+05:30,36058.8,36477.15,35636.85,36056.5,0
278,2021-02-10 00:00:00+05:30,36042.35,36227.2,35428.15,35783.1,0
279,2021-02-11 00:00:00+05:30,35687.25,36009.45,35573.3,35752.1,0
280,2021-02-12 00:00:00+05:30,35736.6,36322.8,35700.25,36108.9,0
281,2021-02-15 00:00:00+05:30,36501.4,37449.9,36405.1,37306.25,0
282,2021-02-16 00:00:00+05:30,37492.6,37708.75,36762.75,37098.4,0
283,2021-02-17 00:00:00+05:30,37041.95,37331.45,36764.25,36910.95,0
284,2021-02-18 00:00:00+05:30,37088.75,37108.75,36367.45,36587.0,0
285,2021-02-19 00:00:00+05:30,36371.55,36656.2,35584.6,35841.6,0
286,2021-02-22 00:00:00+05:30,35874.3,36128.9,35097.55,35257.2,0
287,2021-02-23 00:00:00+05:30,35540.55,35680.85,34976.0,35116.95,0
288,2021-02-24 00:00:00+05:30,35205.4,36567.65,35060.65,36452.3,0
289,2021-02-25 00:00:00+05:30,36763.15,37232.2,36494.0,36549.0,0
290,2021-02-26 00:00:00+05:30,35806.65,35902.9,34658.7,34803.6,0
291,2021-03-01 00:00:00+05:30,35374.25,35581.1,34983.75,35296.0,0
292,2021-03-02 00:00:00+05:30,35458.15,35747.05,35002.45,35419.7,0
293,2021-03-03 00:00:00+05:30,35754.45,36455.15,35570.55,36368.05,0
294,2021-03-04 00:00:00+05:30,35575.65,36316.4,35519.25,35802.5,0
295,2021-03-05 00:00:00+05:30,35458.5,35616.05,34893.25,35228.15,0
296,2021-03-08 00:00:00+05:30,35462.45,35827.3,35090.75,35275.75,0
297,2021-03-09 00:00:00+05:30,35705.9,36077.8,35544.95,35865.65,0
298,2021-03-10 00:00:00+05:30,36112.25,36176.9,35764.35,35938.3,0
299,2021-03-12 00:00:00+05:30,36497.35,36497.35,35188.05,35496.65,0
300,2021-03-15 00:00:00+05:30,35544.25,35544.25,34430.65,35182.55,0
301,2021-03-16 00:00:00+05:30,35352.0,35405.05,34744.6,34804.6,0
302,2021-03-17 00:00:00+05:30,34905.05,35100.5,34126.85,34229.25,0
303,2021-03-18 00:00:00+05:30,34577.5,34759.85,33597.55,33856.8,0
304,2021-03-19 00:00:00+05:30,33590.4,34355.4,33361.0,34161.6,0
305,2021-03-22 00:00:00+05:30,34088.4,34148.9,33389.15,33603.45,0
306,2021-03-23 00:00:00+05:30,33747.95,34360.05,33622.0,34184.4,0
307,2021-03-24 00:00:00+05:30,33894.7,33970.65,33203.4,33293.25,0
308,2021-03-25 00:00:00+05:30,33420.75,33550.15,32415.25,33006.45,0
309,2021-03-26 00:00:00+05:30,33605.05,33610.65,33166.1,33318.2,0
310,2021-03-30 00:00:00+05:30,33615.9,33990.8,33564.55,33875.1,0
311,2021-03-31 00:00:00+05:30,33764.8,33773.1,33151.8,33303.9,0
312,2021-04-01 00:00:00+05:30,33588.0,33949.15,33208.75,33858.0,0
313,2021-04-05 00:00:00+05:30,33649.15,33697.75,32330.15,32678.85,0
314,2021-04-06 00:00:00+05:30,32915.65,33007.65,32338.4,32501.35,0
315,2021-04-07 00:00:00+05:30,32529.7,33191.7,32141.55,32991.2,0
316,2021-04-08 00:00:00+05:30,33154.2,33306.8,32704.75,32782.85,0
317,2021-04-09 00:00:00+05:30,32636.9,32972.15,32329.95,32448.05,0
318,2021-04-12 00:00:00+05:30,31637.9,31698.05,30520.3,30792.0,0
319,2021-04-13 00:00:00+05:30,30901.8,31885.45,30722.85,31771.6,0
320,2021-04-15 00:00:00+05:30,31929.1,32187.05,31406.4,32112.85,0
321,2021-04-16 00:00:00+05:30,32161.45,32325.15,31911.9,31977.45,0
322,2021-04-19 00:00:00+05:30,30993.45,31304.3,30405.65,31208.4,0
323,2021-04-20 00:00:00+05:30,31568.95,31731.65,30891.0,31112.7,0
324,2021-04-22 00:00:00+05:30,30763.5,31834.5,30555.25,31782.6,0
325,2021-04-23 00:00:00+05:30,31490.6,32148.4,31377.15,31722.3,0
326,2021-04-26 00:00:00+05:30,32316.65,32603.7,32144.8,32275.15,0
327,2021-04-27 00:00:00+05:30,32228.95,32807.1,32152.95,32735.35,0
328,2021-04-28 00:00:00+05:30,32865.5,33777.7,32840.3,33722.8,0
329,2021-04-29 00:00:00+05:30,33901.6,34287.0,33304.6,33714.5,0
330,2021-04-30 00:00:00+05:30,33112.4,33455.25,32663.4,32781.8,0
331,2021-05-03 00:00:00+05:30,32368.55,32566.6,31906.55,32465.75,0
332,2021-05-04 00:00:00+05:30,32610.4,33011.55,32191.4,32270.35,0
333,2021-05-05 00:00:00+05:30,32577.1,32862.15,32068.55,32783.7,0
334,2021-05-06 00:00:00+05:30,32900.75,32956.35,32564.0,32827.8,0
335,2021-05-07 00:00:00+05:30,33041.65,33259.15,32771.35,32904.5,0
336,2021-05-10 00:00:00+05:30,33175.3,33297.6,33028.15,33142.4,0
337,2021-05-11 00:00:00+05:30,32640.95,33154.3,32611.7,32872.2,0
338,2021-05-12 00:00:00+05:30,32717.65,32747.7,32352.3,32452.3,0
339,2021-05-14 00:00:00+05:30,32495.15,32622.65,32115.5,32169.55,0
340,2021-05-17 00:00:00+05:30,32437.85,33506.9,32318.7,33459.25,0
341,2021-05-18 00:00:00+05:30,33893.1,34142.85,33730.45,33922.4,0
342,2021-05-19 00:00:00+05:30,33717.1,33959.3,33608.25,33685.2,0
343,2021-05-20 00:00:00+05:30,33692.55,33833.7,33273.95,33334.55,0
344,2021-05-21 00:00:00+05:30,33559.8,34694.45,33559.75,34606.9,0
345,2021-05-24 00:00:00+05:30,34869.3,35216.1,34528.3,34943.6,0
346,2021-05-25 00:00:00+05:30,35095.0,35125.85,34410.4,34662.0,0
347,2021-05-26 00:00:00+05:30,34757.15,34897.95,34462.5,34684.2,0
348,2021-05-27 00:00:00+05:30,34664.2,35220.8,34529.7,35095.05,0
349,2021-05-28 00:00:00+05:30,35345.65,35436.65,34977.2,35141.45,0
350,2021-05-31 00:00:00+05:30,35097.45,35584.3,34930.1,35526.65,0
351,2021-06-01 00:00:00+05:30,35639.75,35713.9,35241.2,35337.2,0
352,2021-06-02 00:00:00+05:30,35271.6,35415.85,35070.3,35373.75,0
353,2021-06-03 00:00:00+05:30,35536.45,35723.7,35413.0,35649.0,0
354,2021-06-04 00:00:00+05:30,35657.85,35810.9,35176.15,35291.65,0
355,2021-06-07 00:00:00+05:30,35460.8,35545.85,35338.55,35443.65,0
356,2021-06-08 00:00:00+05:30,35433.8,35449.5,34962.65,35085.3,0
357,2021-06-09 00:00:00+05:30,35114.25,35402.45,34641.2,34800.5,0
358,2021-06-10 00:00:00+05:30,34903.6,35165.65,34734.4,35131.2,0
359,2021-06-11 00:00:00+05:30,35324.65,35344.0,34891.3,35047.4,0
360,2021-06-14 00:00:00+05:30,34936.55,34995.15,34374.35,34950.6,0
361,2021-06-15 00:00:00+05:30,35038.05,35317.4,34917.9,35247.75,0
362,2021-06-16 00:00:00+05:30,35196.25,35380.0,34916.2,35003.5,0
363,2021-06-17 00:00:00+05:30,34619.8,34882.4,34458.1,34605.4,0
364,2021-06-18 00:00:00+05:30,34735.15,34787.4,33908.95,34558.0,0
365,2021-06-21 00:00:00+05:30,34109.45,34927.65,33937.5,34871.3,0
366,2021-06-22 00:00:00+05:30,35084.9,35281.9,34664.35,34745.0,0
367,2021-06-23 00:00:00+05:30,34911.85,34937.65,34525.45,34574.0,0
368,2021-06-24 00:00:00+05:30,34687.7,34935.3,34592.35,34827.0,0
369,2021-06-25 00:00:00+05:30,34916.65,35491.95,34915.85,35364.65,0
370,2021-06-28 00:00:00+05:30,35488.2,35576.95,35236.45,35359.45,0
371,2021-06-29 00:00:00+05:30,35320.45,35337.45,34913.7,35010.3,0
372,2021-06-30 00:00:00+05:30,35001.9,35214.9,34730.45,34772.2,0
373,2021-07-01 00:00:00+05:30,34866.0,34917.65,34650.95,34684.0,0
374,2021-07-02 00:00:00+05:30,34728.1,34894.45,34632.6,34809.9,0
375,2021-07-05 00:00:00+05:30,35010.95,35234.3,34926.4,35212.0,0
376,2021-07-06 00:00:00+05:30,35173.6,35807.45,35165.55,35579.15,0
377,2021-07-07 00:00:00+05:30,35550.6,35795.75,35427.65,35771.3,0
378,2021-07-08 00:00:00+05:30,35603.25,35811.0,35134.65,35274.1,0
379,2021-07-09 00:00:00+05:30,35163.75,35225.2,34859.9,35071.95,0
380,2021-07-12 00:00:00+05:30,35285.05,35394.3,35060.35,35198.9,0
381,2021-07-13 00:00:00+05:30,35480.05,35727.85,35340.7,35673.4,0
382,2021-07-14 00:00:00+05:30,35585.85,35804.05,35434.75,35668.25,0
